ID_COLLABORATORE;Collaboratore;Email;User;PWD;Ruolo;PIVA;Data_Creazione;ID_UTENTE_CREAZIONE;Data_Modifica;ID_UTENTE_MODIFICA
CONS001;Alessandro Vaglio;avaglio@vaglioandpartners.com;avaglio;Boss01;Manager;;;;;
CONS002;Giorgio Bevilacqua;gbevilacqua@vaglioandpartners.com;gbevilacqua;CeoCeo02;User;;;;;
CONS003;Giorgio Troni;gtroni@vaglioandpartners.com;gtroni;Partner1963;Admin;;;;;
CONS004;Stefano Colombo;scolombo@vaglioandpartners.com;scolombo;Gattina1963;User;;;;;
CONS005;Francesco Silvestri;fsilverstri@vaglioandpartners.com;fsilvestri;Analista00;User;;;;;
